,,Cultivar ID,Sequences,Plant Height(cm),Subpopulation,Yield
0,0,W128,ACCGATCTT,149.8,Intermediate,46.26
1,0,W030,GCCGTACTT,172.6,Indica Intermediate,42.82
2,0,W049,GCCGTACTC,163.8,Aus,25.26
2,1,W134,GCCGTACTC,150.0,Aus,49.84
3,0,W256,GCCGTACCC,160.0,VI/Aromatic,28.73
3,1,W081,GCCGTACCC,130.2,VI/Aromatic,19.74
4,0,W028,GTCGTTCTC,164.2,Aus,29.82
5,0,W099,GCCGTTCTC,149.0,Aus,39.03
5,1,W287,GCCGTTCTC,150.2,Aus,40.88
5,2,W115,GCCGTTCTC,153.4,Aus,40.41
5,3,W076,GCCGTTCTC,155.0,Aus,35.3
5,4,W142,GCCGTTCTC,149.4,Aus,27.19
5,5,W096,GCCGTTCTC,165.2,Aus,38.39
5,6,W098,GCCGTTCTC,158.8,Aus,52.36
5,7,W069,GCCGTTCTC,146.4,Aus,34.34
5,8,W092,GCCGTTCTC,144.8,Aus,39.43
5,9,W286,GCCGTTCTC,154.8,Aus,31.4
5,10,W292,GCCGTTCTC,164.2,Aus,38.98
5,11,W108,GCCGTTCTC,161.2,Aus,39.54
5,12,W214,GCCGTTCTC,153.8,Aus,40.57
5,13,W100,GCCGTTCTC,177.2,Aus,41.25
5,14,W131,GCCGTTCTC,161.0,Aus,37.53
5,15,W037,GCCGTTCTC,173.8,Indica Intermediate,26.79
5,16,W090,GCCGTTCTC,137.4,Aus,52.77
5,17,W104,GCCGTTCTC,145.4,Aus,24.13
5,18,W094,GCCGTTCTC,141.8,Aus,29.83
6,0,W020,GCCGTTTCC,136.6,Aus,30.08
6,1,W079,GCCGTTTCT,147.6,Intermediate,32.29
7,0,C095,GCCGTTTTC,163.37,Indica I,12.28
7,1,W036,GCCGTTTTC,157.8,Indica I,52.97
7,2,W026,GCCGTTTTC,160.6,Indica I,46.69
7,3,W124,GCCGTTTTC,134.0,Indica I,29.85
8,0,W066,GCCGTTTTT,102.2,Indica Intermediate,28.08
8,1,W093,GCCGTTTTT,133.0,Indica III,27.89
8,2,W089,GCCGTTTTT,136.4,Indica III,43.14
8,3,W241,GCCGTTTTT,119.2,Indica II,51.51
8,4,W023,GCCGTTTTT,165.8,Indica III,42.76
9,0,W014,GCCGTTCCT,158.0,VI/Aromatic,29.41
10,0,W252,GCCGTTCCC,178.0,VI/Aromatic,34.15
10,1,W095,GCCGTTCCC,165.8,Aus,43.35
10,2,W048,GCCGTTCCC,190.2,Aus,30.36
10,3,W091,GCCGTTCCC,148.2,Aus,33.09
10,4,W279,GCCGTTCCC,166.6,Aus,43.34
10,5,W219,GCCGTTCCC,161.0,VI/Aromatic,35.0
10,6,W278,GCCGTTCCC,146.6,Aus,39.45
10,7,W255,GCCGTTCCC,145.8,VI/Aromatic,49.88
11,0,W140,GCCTTTCTT,145.8,Aus,38.4
11,1,W106,GCCGTTCTT,169.4,Aus,29.99
12,0,W141,GCCTTTCTC,151.6,Aus,37.55
12,1,W025,GCCTTTCTC,154.2,Aus,29.24
12,2,W015,GCCTTTCTC,157.8,Aus,71.1
12,3,W034,GCCTTTCTC,165.8,Aus,38.19
12,4,W297,GCCTTTCTC,161.2,Aus,24.91
12,5,C013,GCCTTTCTC,150.43,Aus,25.71
12,6,W121,GCCTTTCTC,177.6,Aus,41.53
12,7,W296,GCCTTTCTC,138.8,Aus,34.9
12,8,W042,GCCTTTCTC,185.4,Indica Intermediate,36.42
12,9,W103,GCCTTTCTC,111.4,Aus,26.82
12,10,W280,GCCTTTCTC,145.8,Aus,49.27
12,11,W215,GCCTTTCTC,154.4,Aus,53.44
12,12,W072,GCCTTTCTC,154.0,Aus,30.61
13,0,W112,GCTTTTCTT,167.2,Indica III,43.85
13,1,C139,GCTTTTCTC,185.33,Indica I,17.37
14,0,W054,GCCTTTTTT,190.2,Indica Intermediate,39.47
14,1,C194,GCCTTTTTT,173.4,Indica Intermediate,11.93
14,2,C047,GCCTTTTTT,97.53,Indica I,22.12
14,3,W009,GCCTTTTTT,193.8,Indica III,30.1
14,4,C104,GCCTTTTTT,179.14,Indica I,13.31
14,5,C108,GCCTTTTTT,156.8,Indica I,16.56
14,6,C080,GCCTTTTTT,170.53,Indica I,23.69
14,7,C097,GCCTTTTTT,172.2,Indica Intermediate,13.57
14,8,W203,GCCTTTTTT,185.6,Indica Intermediate,55.14
14,9,C109,GCCTTTTTT,162.1,Indica I,8.97
14,10,W111,GCCTTTTTT,203.6,Indica III,29.52
15,0,W235,GTCTTTTTC,148.4,Indica I,56.42
16,0,W032,GCCTTTTTC,159.6,Indica I,38.75
16,1,W320,GCCTTTTTC,177.2,Indica Intermediate,13.07
16,2,C088,GCCTTTTTC,135.4,Indica I,15.18
16,3,C141,GCCTTTTTC,190.93,Indica I,21.38
16,4,C199,GCCTTTTTC,187.53,Indica I,21.81
16,5,C073,GCCTTTTTC,167.83,Indica I,15.67
16,6,C100,GCCTTTTTC,166.45,Indica Intermediate,12.15
16,7,W031,GCCTTTTTC,159.6,Indica I,38.67
16,8,C136,GCCTTTTTC,182.14,Indica I,21.26
16,9,C198,GCCTTTTTC,173.77,Indica Intermediate,21.4
16,10,C135,GCCTTTTTC,136.39,Indica I,17.25
16,11,W126,GCCTTTTTC,157.6,Indica I,59.9
16,12,C129,GCCTTTTTC,166.87,Indica Intermediate,38.8
16,13,C190,GCCTTTTTC,160.9,Indica I,22.79
16,14,W272,GCCTTTTTC,155.6,Indica Intermediate,49.72
16,15,W039,GCCTTTTTC,152.0,Indica I,48.93
16,16,C200,GCCTTTTTC,189.1,Indica I,15.08
16,17,C201,GCCTTTTTC,194.93,Indica Intermediate,24.53
16,18,C096,GCCTTTTTC,166.4,Indica Intermediate,12.05
17,0,W145,GCCTTACTT,177.4,Indica Intermediate,25.75
18,0,C090,GCCTTATTT,177.29,Indica Intermediate,31.86
18,1,C197,GCCTTATTT,175.77,Indica I,11.31
18,2,W204,GCCTTATTT,154.2,Indica I,50.0
18,3,C132,GCCTTATTT,169.67,Indica Intermediate,13.14
18,4,W080,GCCTTATTT,141.4,Indica I,54.17
18,5,W205,GCCTTATTT,161.8,Indica I,44.07
18,6,C055,GCCTTATTT,119.03,Indica I,21.49
19,0,W047,GCCTTACCT,203.2,Japonica Intermediate,18.86
20,0,W247,GCCTTATCT,170.2,Indica I,49.59
20,1,W210,GCCTTATCT,166.4,Indica I,92.66
21,0,W258,GCCTTACCC,158.4,VI/Aromatic,33.53
22,0,W077,GCCTTTCCC,182.4,VI/Aromatic,36.33
22,1,W136,GCCTTTCCC,188.6,VI/Aromatic,21.79
22,2,W277,GCCTTTCCC,142.0,Aus,32.52
22,3,C002,GCCTTTCCC,177.62,VI/Aromatic,15.18
22,4,C015,GCCTTTCCC,152.2,Aus,23.25
22,5,W220,GCCTTTCCC,172.0,VI/Aromatic,42.36
22,6,W330,GCCTTTCCC,149.6,Aus,33.92
23,0,C202,GCCTTTTCC,176.33,Indica I,16.82
24,0,C076,GCCTTATCC,127.36,Indica I,18.58
24,1,W001,GCCTTATCC,146.4,Indica I,22.49
24,2,C077,GCCTTATCC,149.8,Indica I,14.78
24,3,C184,GCCTTATCC,156.17,Indica I,16.07
24,4,C081,GCCTTATCC,155.8,Indica I,15.53
25,0,W135,GCTTTACTC,172.8,Indica Intermediate,49.14
26,0,C086,GCCTTACTC,147.17,Aus,8.53
26,1,W129,GCCTTACTC,151.2,VI/Aromatic,62.08
26,2,W035,GCCTTACTC,196.2,Indica Intermediate,28.86
26,3,W137,GCCTTACTC,125.6,Indica Intermediate,34.35
26,4,W075,GCCTTACTC,186.2,Indica Intermediate,49.48
26,5,W105,GCCTTACTC,156.6,Aus,39.44
26,6,C098,GCCTTACTC,178.27,Indica Intermediate,15.41
27,0,W198,GCCTTATTC,180.0,Indica Intermediate,39.96
27,1,W074,GCCTTATTC,162.2,Indica Intermediate,36.26
27,2,C140,GCCTTATTC,164.4,Indica I,10.51
27,3,W212,GCCTTATTC,159.6,Indica Intermediate,66.98
27,4,W144,GCCTTATTC,168.4,Indica I,39.58
27,5,C182,GCCTTATTC,161.2,Indica I,15.27
27,6,C110,GCCTTATTC,159.33,Indica I,20.66
28,0,C143,GCCGTATTC,170.36,Indica I,6.52
28,1,C125,GCCGTATTC,145.65,Indica I,14.01
28,2,W114,GCCGTATTC,181.4,Indica III,28.55
28,3,W314,GCCGTATTC,111.2,Indica II,45.76
28,4,W282,GCCGTATTC,134.8,Indica Intermediate,13.96
29,0,W306,GCTGTTCCC,129.6,VI/Aromatic,28.41
30,0,W050,GCTGTACCC,174.8,VI/Aromatic,32.39
30,1,C085,GCTGTACCC,147.1,Japonica Intermediate,18.64
30,2,C084,GCTGTACCC,157.62,Japonica Intermediate,9.1
31,0,C001,GCTTTTCCC,144.13,Indica I,24.13
31,1,W261,GCTTTTCCC,132.4,Intermediate,37.25
32,0,C121,GCTTTTTCT,150.67,Indica Intermediate,37.33
32,1,C036,GCTTTTTCT,95.07,Indica Intermediate,28.86
33,0,W299,GCTGTTTTT,90.8,Indica Intermediate,36.96
33,1,W154,GCTGTTTTT,102.4,Indica II,60.98
33,2,W321,GCTGTTTTT,160.6,Indica III,30.24
33,3,W194,GCTGTTTTT,108.8,Indica II,53.24
33,4,W172,GCTGTTTTT,100.2,Indica II,40.94
33,5,W147,GCTGTTTTT,117.6,Indica Intermediate,65.87
33,6,W304,GCTGTTTTT,95.8,Intermediate,25.07
34,0,C192,GCTTTTTTT,185.07,Indica Intermediate,11.77
34,1,W298,GCTTTTTTT,95.2,Indica II,39.21
34,2,C107,GCTTTTTTT,193.67,Indica III,20.04
34,3,C072,GCTTTTTTT,158.07,Indica I,28.47
34,4,C175,GCTTTTTTT,111.2,Indica Intermediate,27.96
34,5,C162,GCTTTTTTT,97.77,Indica Intermediate,12.92
34,6,W181,GCTTTTTTT,105.8,Indica Intermediate,67.62
34,7,W148,GCTTTTTTT,168.4,Indica Intermediate,53.04
34,8,W291,GCTTTTTTT,96.6,Indica II,13.96
34,9,W274,GCTTTTTTT,70.8,Indica I,27.06
34,10,C142,GCTTTTTTT,198.57,Indica III,18.58
35,0,C145,ACTTTATCT,92.33,Indica I,27.41
35,1,C024,ACTTTATCT,85.33,Indica I,21.54
35,2,C114,ACTTTATCT,86.87,Indica Intermediate,22.13
36,0,C122,GCTTTATCT,118.1,Indica I,38.68
36,1,C021,GCTTTATCT,80.83,Indica I,24.08
36,2,C161,GCTTTATCT,93.5,Indica I,25.21
36,3,C158,GCTTTATCT,85.17,Indica I,26.08
36,4,C059,GCTTTATCT,113.43,Indica I,24.25
36,5,C039,GCTTTATCT,109.43,Indica I,30.07
36,6,C020,GCTTTATCT,78.17,Indica I,21.41
36,7,W223,GCTTTATCT,103.6,Indica II,52.59
36,8,C156,GCTTTATCT,73.13,Indica I,15.13
36,9,C159,GCTTTATCT,95.8,Indica I,32.72
36,10,C033,GCTTTATCT,132.04,Indica I,25.18
36,11,C155,GCTTTATCT,69.47,Indica I,17.93
36,12,C058,GCTTTATCT,103.7,Indica I,16.26
37,0,C078,GCTTTTTTC,172.4,Indica Intermediate,18.63
37,1,W084,GCTTTTTTC,114.4,Indica Intermediate,27.97
37,2,C173,GCTTTTTTC,114.4,Indica I,19.72
38,0,C193,GCTTTTTCC,158.4,Indica I,22.5
38,1,C180,GCTTTTTCC,147.15,Indica I,19.29
38,2,C183,GCTTTTTCC,160.57,Indica I,13.52
38,3,W132,GCTTTTTCC,156.0,Indica I,47.57
38,4,C128,GCTTTTTCC,158.23,Indica I,37.31
39,0,W029,GCTTTATCC,147.8,Indica Intermediate,33.16
39,1,C060,GCTTTATCC,114.73,Indica I,25.52
40,0,C131,GCTTTATTC,165.07,Indica I,21.29
40,1,C191,GCTTTATTC,171.27,Indica I,28.88
40,2,W269,GCTTTATTC,96.0,Indica Intermediate,53.08
40,3,C127,GCTTTATTC,152.54,Indica I,28.27
40,4,W073,GCTTTATTC,98.8,Indica II,31.0
40,5,W199,GCTTTATTC,125.2,Indica Intermediate,48.37
40,6,W101,GCTTTATTC,149.8,Indica Intermediate,43.36
40,7,C176,GCTTTATTC,97.67,Indica Intermediate,16.33
40,8,W133,GCTTTATTC,157.8,Indica Intermediate,37.09
40,9,W270,GCTTTATTC,99.0,Indica Intermediate,43.21
40,10,W206,GCTTTATTC,112.0,Indica Intermediate,32.66
40,11,W266,GCTTTATTC,132.6,Indica III,13.96
40,12,C041,GCTTTATTC,113.1,Indica I,26.12
40,13,W246,GCTTTATTC,151.0,Indica Intermediate,51.53
40,14,C091,GCTTTATTC,170.07,Indica I,18.66
40,15,C092,GCTTTATTC,168.47,Indica I,18.02
41,0,W143,GCTTAACCC,196.8,Japonica Intermediate,13.77
41,1,C134,GCTTAACCC,172.46,Temperate Japonica,11.19
41,2,C144,GCTTAACCC,206.73,Temperate Japonica,11.16
42,0,C106,GCTGAACCC,191.0,Temperate Japonica,12.18
42,1,W319,GCTGAACCC,174.2,Temperate Japonica,12.88
42,2,C101,GCTGAACCC,192.07,Temperate Japonica,15.45
42,3,C111,GCTGAACCC,206.13,Temperate Japonica,4.41
42,4,C137,GCTGAACCC,170.0,Temperate Japonica,16.62
43,0,C172,ACTGAACCT,102.37,Temperate Japonica,24.85
43,1,C120,ACTGAACCT,97.63,Temperate Japonica,18.72
43,2,C149,ACTGAACCT,102.47,Temperate Japonica,27.48
43,3,C063,ACTGAACCC,115.54,Temperate Japonica,42.22
44,0,W021,ACTGTACTC,142.4,Japonica Intermediate,29.0
44,1,C052,ACTGTACTC,107.0,Temperate Japonica,23.61
44,2,W323,ACTGTACTC,136.4,Japonica Intermediate,19.09
44,3,W327,ACTGTACTC,89.8,Temperate Japonica,35.33
44,4,C185,ACTGTACTC,145.0,Japonica Intermediate,9.56
44,5,W003,ACTGAACTC,140.4,Tropical Japonica,23.73
45,0,W122,GCTGTACTC,169.8,Japonica Intermediate,25.77
45,1,C074,GCTGTACTC,143.65,Temperate Japonica,17.51
45,2,C138,GCTGTACTC,190.9,Temperate Japonica,13.9
45,3,C082,GCTGTACTC,156.46,Temperate Japonica,29.72
45,4,W326,GCTGTACTC,155.4,Japonica Intermediate,24.96
45,5,C179,GCTGTACTC,133.53,Temperate Japonica,18.55
45,6,W082,GCTGTACTC,125.0,Temperate Japonica,25.41
45,7,W127,GCTGTACTC,142.6,Japonica Intermediate,29.53
45,8,W097,GCTGTACTC,137.0,Intermediate,27.6
45,9,C067,GCTGTACTC,117.93,Temperate Japonica,25.99
45,10,C071,GCTGTACTC,128.2,Temperate Japonica,26.85
45,11,C075,GCTGTACTC,131.3,Temperate Japonica,28.7
45,12,W324,GCTGTACTC,156.0,Japonica Intermediate,20.18
45,13,C171,GCTGTACTC,140.61,Temperate Japonica,22.73
45,14,C186,GCTGTACTC,180.0,Japonica Intermediate,28.61
46,0,C133,GCTGAACTC,170.8,Temperate Japonica,23.19
46,1,W325,GCTGAACTC,135.8,Temperate Japonica,10.7
46,2,C004,GCTGAACTC,140.4,Temperate Japonica,18.82
46,3,C196,GCTGAACTC,193.0,Temperate Japonica,16.74
46,4,C130,GCTGAACTC,155.4,Temperate Japonica,13.15
46,5,W102,GCTGAACTC,182.6,Tropical Japonica,12.67
46,6,C103,GCTGAACTC,202.07,Temperate Japonica,17.56
46,7,C079,GCTGAACTC,143.32,Temperate Japonica,20.06
46,8,C093,GCTGAACTC,164.73,Temperate Japonica,10.24
47,0,W155,ACTGTTTTT,98.4,Indica Intermediate,44.83
47,1,W125,ACTGTTCTT,152.0,Intermediate,25.54
48,0,W063,ACTGTACTT,114.2,Japonica Intermediate,25.25
48,1,C057,ACTGTACTT,123.63,Japonica Intermediate,18.28
48,2,W130,ACTGTACTT,92.6,Temperate Japonica,22.98
48,3,W010,ACTGTACTT,135.0,Japonica Intermediate,25.72
48,4,C029,ACTGTACTT,94.0,Japonica Intermediate,19.0
48,5,C154,ACTGTACTT,77.43,Temperate Japonica,8.95
48,6,W052,ACTGTACTT,98.6,Temperate Japonica,22.37
48,7,C032,ACTGTACTT,107.8,Temperate Japonica,22.01
48,8,C035,ACTGTACTT,102.58,Temperate Japonica,15.55
48,9,W061,ACTGTACTT,121.8,Japonica Intermediate,29.27
48,10,W088,ACTGTACTT,70.6,Temperate Japonica,19.23
48,11,C146,ACTGTACTT,74.7,Temperate Japonica,20.77
48,12,W109,ACTGTACTT,99.4,Temperate Japonica,10.06
48,13,C018,ACTGTACTT,78.27,Temperate Japonica,14.89
48,14,C116,ACTGTACTT,87.03,Temperate Japonica,27.4
48,15,C150,ACTGTACTT,90.32,Temperate Japonica,18.31
48,16,W160,ACTGTACTT,96.0,Temperate Japonica,42.64
48,17,C026,ACTGTACTT,104.7,Temperate Japonica,25.89
48,18,W158,ACTGTACTT,107.2,Intermediate,51.52
48,19,C152,ACTGTACTT,100.0,Temperate Japonica,18.94
48,20,W283,ACTGTACTT,68.4,Temperate Japonica,11.96
48,21,W207,ACTGTACTT,114.6,Temperate Japonica,42.97
48,22,C064,ACTGTACTT,103.3,Temperate Japonica,23.28
48,23,W013,ACTGTACTT,98.6,Temperate Japonica,31.51
48,24,W012,ACTGTACTT,100.8,Temperate Japonica,11.32
48,25,C028,ACTGTACTT,86.97,Temperate Japonica,25.84
48,26,W117,ACTGTACTT,98.6,Temperate Japonica,16.21
48,27,W162,ACTGTACTT,98.4,Temperate Japonica,74.84
48,28,C048,ACTGTACTT,97.33,Temperate Japonica,25.65
48,29,W209,ACTGTACTT,142.4,Temperate Japonica,55.34
48,30,W027,ACTGTACTT,116.8,Temperate Japonica,15.93
48,31,C177,ACTGTACTT,112.87,Temperate Japonica,13.13
48,32,W328,ACTGTACTT,117.4,Intermediate,7.69
48,33,C017,ACTGTACTT,92.67,Temperate Japonica,8.94
48,34,W016,ACTGTACTT,78.8,Temperate Japonica,6.03
48,35,W305,ACTGTACTT,74.0,Temperate Japonica,22.28
49,0,W120,ACTGTATTT,109.6,Temperate Japonica,19.56
49,1,C051,ACTGTATTT,99.9,Intermediate,24.56
49,2,W087,ACTGTATTT,77.2,Indica I,28.51
49,3,C119,ACTGTATTT,86.17,Temperate Japonica,17.49
49,4,C014,ACTGTATTT,82.43,Japonica Intermediate,22.39
49,5,W226,ACTGTATTT,93.2,Temperate Japonica,34.59
50,0,W119,ACTGAATTT,95.4,Tropical Japonica,21.24
51,0,W193,ACTGAACTT,121.4,Temperate Japonica,43.01
51,1,W249,ACTGAACTT,125.8,Temperate Japonica,30.02
51,2,W060,ACTGAACTT,119.4,Temperate Japonica,23.06
51,3,C012,ACTGAACTT,114.1,Temperate Japonica,22.97
51,4,W250,ACTGAACTT,123.2,Temperate Japonica,25.87
52,0,C070,GCTGAACTT,97.8,Temperate Japonica,16.79
52,1,C123,GCTGAACTT,118.83,Tropical Japonica,40.51
52,2,C189,GCTGAACTT,162.36,Temperate Japonica,17.58
52,3,W011,GCTGAACTT,116.8,Temperate Japonica,30.85
52,4,W055,GCTGAACTT,171.4,Intermediate,23.26
52,5,W056,GCTGAACTT,129.0,Temperate Japonica,32.73
52,6,W041,GCTGAACTT,169.4,Tropical Japonica,22.38
53,0,W057,GCTGAATTT,182.2,Tropical Japonica,33.1
53,1,W024,GCTGAATTT,139.8,Tropical Japonica,20.07
53,2,W005,GCTGAATTT,133.8,Tropical Japonica,30.8
53,3,W254,GCTGAATTT,143.4,Tropical Japonica,33.2
53,4,W275,GCTGAATTT,148.2,Tropical Japonica,28.65
53,5,C153,GCTGAATTT,105.07,Tropical Japonica,35.52
53,6,W208,GCTGAATTT,119.6,Temperate Japonica,45.72
53,7,W253,GCTGAATTT,146.2,Tropical Japonica,43.12
53,8,W113,GCTGAATTT,141.0,Tropical Japonica,31.41
53,9,W251,GCTGAATTT,129.8,Tropical Japonica,29.24
53,10,W022,GCTGAATTT,146.0,Tropical Japonica,50.38
53,11,W053,GCTGAATTT,152.6,Tropical Japonica,23.21
53,12,W257,GCTGAATTT,171.6,Tropical Japonica,29.57
53,13,W065,GCTGAATTT,149.4,Tropical Japonica,35.81
53,14,W008,GCTGAATTT,147.0,Tropical Japonica,29.29
53,15,W006,GCTGAATTT,149.8,Tropical Japonica,33.06
53,16,W067,GCTGAATTT,152.6,Tropical Japonica,33.79
53,17,W303,GCTGAATTT,157.8,Tropical Japonica,32.36
53,18,W123,GCTGAATTT,140.8,Tropical Japonica,36.97
53,19,W017,GCTGAATTT,126.2,Tropical Japonica,24.03
54,0,C087,GCTTAACTT,141.27,Temperate Japonica,16.44
54,1,W116,GCTTAACTT,175.4,Tropical Japonica,29.11
54,2,W285,GCTTAATTT,134.6,Tropical Japonica,24.48
55,0,W313,GCTTTACTT,110.4,Indica II,42.46
55,1,C203,GCTTTACTT,77.33,Indica I,13.12
55,2,W175,GCTTTACTT,101.0,Intermediate,32.07
55,3,W240,GCTTTACTT,111.6,Indica Intermediate,45.03
55,4,C124,GCTTTACTT,110.27,Indica Intermediate,19.71
55,5,W068,GCTTTACTT,139.8,Temperate Japonica,26.34
56,0,W151,GCTTTATTT,98.0,Indica II,51.34
56,1,W245,GCTTTATTT,121.6,Indica Intermediate,12.75
56,2,C160,GCTTTATTT,83.68,Indica Intermediate,21.27
56,3,W268,GCTTTATTT,91.4,Indica Intermediate,47.52
56,4,W263,GCTTTATTT,114.8,Indica Intermediate,32.59
56,5,W156,GCTTTATTT,99.2,Indica I,40.36
56,6,W307,GCTTTATTT,101.0,Indica II,13.96
56,7,C105,GCTTTATTT,170.17,Indica Intermediate,15.0
56,8,C113,GCTTTATTT,73.77,Indica Intermediate,12.22
56,9,W259,GCTTTATTT,106.0,Indica II,57.48
56,10,W293,GCTTTATTT,83.4,Indica II,41.4
56,11,W170,GCTTTATTT,90.6,Indica II,36.14
56,12,W271,GCTTTATTT,95.8,Indica Intermediate,48.11
56,13,C044,GCTTTATTT,104.33,Indica Intermediate,20.22
56,14,W248,GCTTTATTT,145.4,Indica I,34.34
56,15,W236,GCTTTATTT,101.8,Indica II,50.76
56,16,W222,GCTTTATTT,115.6,Indica II,55.67
56,17,C112,GCTTTATTT,77.43,Indica I,18.27
56,18,C117,GCTTTATTT,110.43,Indica Intermediate,27.28
56,19,W295,GCTTTATTT,99.6,Indica II,47.32
56,20,W315,GCTTTATTT,102.0,Indica II,29.4
56,21,W300,GCTTTATTT,107.2,Tropical Japonica,29.13
56,22,W185,GCTTTATTT,95.6,Indica II,43.83
56,23,W043,GCTTTATTT,105.4,Indica Intermediate,41.84
56,24,W149,GCTTTATTT,112.6,Indica Intermediate,45.4
56,25,W317,GCTTTATTT,110.4,Indica II,42.61
56,26,W138,GCTTTATTT,102.0,Indica I,64.86
56,27,W163,GCTTTATTT,91.4,Indica Intermediate,78.87
56,28,C019,GCTTTATTT,80.25,Indica I,14.97
56,29,W183,GCTTTATTT,96.6,Indica II,41.2
56,30,W265,GCTTTATTT,120.4,Indica Intermediate,43.5
56,31,W230,GCTTTATTT,110.4,Indica II,25.57
56,32,C165,GCTTTATTT,96.03,Indica I,20.14
56,33,W169,GCTTTATTT,93.6,Indica II,47.84
56,34,C046,GCTTTATTT,172.37,Indica Intermediate,28.5
56,35,W224,GCTTTATTT,116.0,Indica II,45.4
56,36,W294,GCTTTATTT,118.8,Intermediate,13.96
56,37,C030,GCTTTATTT,99.57,Indica Intermediate,33.03
56,38,W229,GCTTTATTT,119.4,Indica II,55.19
56,39,W046,GCTTTATTT,96.0,Indica II,34.03
56,40,W228,GCTTTATTT,115.0,Indica II,41.88
56,41,W058,GCTTTATTT,150.6,Indica I,54.37
56,42,W179,GCTTTATTT,93.8,Indica II,38.47
56,43,W276,GCTTTATTT,160.2,Indica III,42.41
56,44,W189,GCTTTATTT,114.2,Indica II,47.6
56,45,C031,GCTTTATTT,96.27,Indica Intermediate,28.48
56,46,C037,GCTTTATTT,105.33,Indica I,27.65
56,47,W040,GCTTTATTT,108.4,Indica II,37.75
56,48,C170,GCTTTATTT,94.87,Indica I,22.92
56,49,C151,GCTTTATTT,107.73,Indica I,24.3
56,50,C038,GCTTTATTT,101.33,Indica Intermediate,20.55
56,51,W233,GCTTTATTT,114.2,Indica Intermediate,36.4
56,52,W152,GCTTTATTT,110.0,Indica II,47.87
56,53,W164,GCTTTATTT,88.6,Indica Intermediate,56.01
56,54,W244,GCTTTATTT,102.4,Indica II,38.07
56,55,C007,GCTTTATTT,107.97,Indica Intermediate,20.44
56,56,W312,GCTTTATTT,111.6,Indica II,55.13
56,57,C167,GCTTTATTT,108.23,Indica Intermediate,18.49
56,58,W309,GCTTTATTT,112.2,Indica II,50.16
56,59,C006,GCTTTATTT,108.23,Indica Intermediate,13.96
56,60,W150,GCTTTATTT,104.6,Indica II,36.18
56,61,W200,GCTTTATTT,115.4,Indica Intermediate,48.88
56,62,W308,GCTTTATTT,109.4,Indica II,30.02
56,63,W180,GCTTTATTT,108.0,Indica Intermediate,37.7
56,64,W174,GCTTTATTT,84.0,Indica II,41.87
56,65,C169,GCTTTATTT,118.07,Indica Intermediate,30.26
56,66,W264,GCTTTATTT,91.4,Indica Intermediate,44.62
57,0,C083,GCTGAATCT,174.7,Temperate Japonica,20.45
58,0,C040,GCTGTATCT,102.46,Indica I,25.01
58,1,C157,GCTGTATCT,75.1,Indica I,11.06
58,2,W078,GCTGTATCT,96.8,Indica Intermediate,26.95
59,0,W290,GCTGTACCT,116.4,Temperate Japonica,39.86
59,1,C016,GCTGTACCT,77.73,Temperate Japonica,12.43
59,2,C056,GCTGTACCT,99.03,Temperate Japonica,16.88
60,0,C089,GCTGTACTT,142.43,Temperate Japonica,15.23
60,1,C054,GCTGTACTT,97.9,Temperate Japonica,24.28
60,2,W019,GCTGTACTT,124.8,Japonica Intermediate,31.73
60,3,C034,GCTGTACTT,110.5,Temperate Japonica,30.28
60,4,W038,GCTGTACTT,138.0,Temperate Japonica,43.57
60,5,W059,GCTGTACTT,115.8,Temperate Japonica,28.65
60,6,W018,GCTGTACTT,93.4,Temperate Japonica,13.23
60,7,C187,GCTGTACTT,144.47,Temperate Japonica,14.5
60,8,W302,GCTGTACTT,166.8,Tropical Japonica,46.07
60,9,W064,GCTGTACTT,106.2,Temperate Japonica,13.13
60,10,C023,GCTGTACTT,89.39,Temperate Japonica,27.13
60,11,W139,GCTGTACTT,96.4,Temperate Japonica,20.34
60,12,C188,GCTGTACTT,137.8,Temperate Japonica,12.13
60,13,C195,GCTGTACTT,171.79,Temperate Japonica,8.72
60,14,W173,GCTGTACTT,121.6,Tropical Japonica,35.23
60,15,W171,GCTGTACTT,96.8,Indica Intermediate,36.34
60,16,W070,GCTGTACTT,160.4,Indica Intermediate,56.93
60,17,C181,GCTGTACTT,137.9,Temperate Japonica,16.84
60,18,W281,GCTGTACTT,150.0,Temperate Japonica,23.82
60,19,C003,GCTGTACTT,141.57,Japonica Intermediate,24.54
60,20,C010,GCTGTACTT,106.7,Tropical Japonica,21.36
60,21,W062,GCTGTACTT,153.4,Tropical Japonica,41.03
60,22,W045,GCTGTACTT,98.0,Temperate Japonica,18.94
60,23,C118,GCTGTACTT,88.27,Indica II,23.85
61,0,W178,GCCGTATTT,97.8,Indica III,30.93
61,1,W071,GCCGTATTT,104.6,Indica Intermediate,32.24
61,2,W221,GCCGTATTT,112.4,Indica Intermediate,25.91
61,3,W310,GCCGTATTT,111.2,Indica Intermediate,54.69
61,4,C102,GCCGTATTT,150.67,Indica Intermediate,16.6
61,5,W146,GCCGTATTT,127.4,Indica I,64.45
62,0,W201,GCTGTATTT,108.2,Indica Intermediate,51.03
62,1,W182,GCTGTATTT,101.2,Indica II,50.03
62,2,W187,GCTGTATTT,105.2,Indica Intermediate,13.96
62,3,W202,GCTGTATTT,112.0,Indica Intermediate,52.28
62,4,W289,GCTGTATTT,104.4,Indica II,31.8
62,5,C068,GCTGTATTT,109.6,Indica II,31.13
62,6,W237,GCTGTATTT,115.8,Indica II,72.55
62,7,W311,GCTGTATTT,100.6,Indica II,53.65
62,8,C042,GCTGTATTT,103.67,Indica Intermediate,27.47
62,9,W044,GCTGTATTT,98.8,Indica II,30.48
62,10,C163,GCTGTATTT,104.17,Indica II,16.16
62,11,W227,GCTGTATTT,106.6,Indica Intermediate,50.01
62,12,W234,GCTGTATTT,112.8,Indica Intermediate,43.17
62,13,C043,GCTGTATTT,106.33,Indica I,22.34
62,14,W197,GCTGTATTT,112.8,Indica II,64.98
62,15,C166,GCTGTATTT,94.73,Indica Intermediate,20.12
62,16,C061,GCTGTATTT,109.37,Indica II,25.1
62,17,W216,GCTGTATTT,113.8,Indica II,47.57
62,18,W231,GCTGTATTT,117.0,Indica II,40.06
62,19,W322,GCTGTATTT,109.0,Indica Intermediate,36.91
62,20,W177,GCTGTATTT,100.0,Indica II,39.95
62,21,W159,GCTGTATTT,95.2,Indica II,48.61
62,22,C022,GCTGTATTT,77.3,Indica I,21.1
62,23,C011,GCTGTATTT,100.43,Indica II,24.11
62,24,W267,GCTGTATTT,114.4,Indica Intermediate,49.72
62,25,W318,GCTGTATTT,139.3,Indica I,61.22
62,26,W083,GCTGTATTT,116.4,Indica Intermediate,32.77
62,27,C148,GCTGTATTT,117.2,Indica II,26.72
62,28,C025,GCTGTATTT,82.83,Indica Intermediate,25.69
62,29,C049,GCTGTATTT,103.13,Indica Intermediate,16.2
62,30,W165,GCTGTATTT,103.8,Indica Intermediate,52.53
62,31,W166,GCTGTATTT,137.8,Indica Intermediate,66.81
62,32,W161,GCTGTATTT,102.0,Indica II,49.92
62,33,W301,GCTGTATTT,95.6,Indica II,38.48
62,34,W051,GCTGTATTT,107.4,Indica II,41.35
62,35,C065,GCTGTATTT,109.07,Indica Intermediate,27.86
62,36,W176,GCTGTATTT,101.4,Indica II,49.18
62,37,W262,GCTGTATTT,83.8,Indica I,42.45
62,38,W238,GCTGTATTT,95.4,Indica II,36.2
62,39,C009,GCTGTATTT,106.8,Indica Intermediate,29.62
62,40,W242,GCTGTATTT,106.2,Indica Intermediate,44.32
62,41,W186,GCTGTATTT,98.2,Indica Intermediate,13.96
62,42,C178,GCTGTATTT,107.67,Indica I,23.51
62,43,C062,GCTGTATTT,105.5,Indica I,14.31
62,44,W213,GCTGTATTT,137.4,Indica Intermediate,31.38
62,45,C053,GCTGTATTT,116.63,Indica Intermediate,27.49
62,46,C147,GCTGTATTT,108.1,Indica II,27.15
62,47,C168,GCTGTATTT,104.87,Indica Intermediate,29.36
62,48,W218,GCTGTATTT,133.6,Indica Intermediate,22.26
62,49,W316,GCTGTATTT,99.0,Indica II,37.4
62,50,W167,GCTGTATTT,135.2,Indica Intermediate,45.93
62,51,W217,GCTGTATTT,133.8,Indica Intermediate,20.5
62,52,W168,GCTGTATTT,101.4,Indica II,42.14
62,53,W243,GCTGTATTT,105.6,Indica II,53.58
62,54,W195,GCTGTATTT,123.8,Indica II,68.19
62,55,W184,GCTGTATTT,98.0,Indica II,45.16
62,56,C174,GCTGTATTT,111.43,Indica II,27.65
62,57,W157,GCTGTATTT,95.2,Indica Intermediate,46.17
62,58,W211,GCTGTATTT,97.0,Indica II,25.22
62,59,C069,GCTGTATTT,115.8,Indica II,27.13
62,60,W086,GCTGTATTT,103.4,Indica II,33.73
62,61,C164,GCTGTATTT,95.53,Indica II,23.03
62,62,W225,GCTGTATTT,90.2,Tropical Japonica,28.37
62,63,W118,GCTGTATTT,84.2,Tropical Japonica,27.03
62,64,C115,GCTGTATTT,80.4,Indica II,23.74
62,65,W153,GCTGTATTT,103.8,Indica II,48.48
62,66,C050,GCTGTATTT,108.81,Indica II,23.95
63,0,W007,GCTGAATTC,150.8,Tropical Japonica,26.76
63,1,W273,GCTGAATTC,156.2,Tropical Japonica,35.19
63,2,W288,GCTGAATTC,144.2,Tropical Japonica,26.15
64,0,W284,GCTTAATTC,135.4,Tropical Japonica,19.0
64,1,W110,GCTTAATTC,154.4,Tropical Japonica,12.99
64,2,W002,GCTTAATTC,157.4,Tropical Japonica,11.12
64,3,W004,GCTTAATTC,158.2,Tropical Japonica,26.55
64,4,C005,GCTTAATTC,163.33,Tropical Japonica,22.5
65,0,C094,GTTGTATTC,154.87,Indica Intermediate,12.4
66,0,W260,GCTGTATTC,134.0,Tropical Japonica,32.8
66,1,W188,GCTGTATTC,102.0,Indica II,51.46
66,2,C027,GCTGTATTC,100.47,Indica Intermediate,27.54
66,3,W239,GCTGTATTC,109.8,Indica Intermediate,54.41
66,4,C045,GCTGTATTC,106.23,Indica Intermediate,27.6
66,5,W085,GCTGTATTC,118.6,Indica Intermediate,39.59
66,6,W329,GCTGTATTC,147.4,Tropical Japonica,34.71
66,7,C008,GCTGTATTC,87.47,Indica Intermediate,6.03
67,0,W191,GCTGTTTTC,121.0,Intermediate,29.17
67,1,C099,GCTGTTTTC,176.8,Indica Intermediate,18.19
67,2,W033,GCTGTTTTC,155.0,Indica I,25.69
67,3,W192,GCTGTTTTC,121.2,Intermediate,36.02
67,4,C066,GCTGTTTTC,120.27,Indica I,22.28
67,5,W107,GCTGTTTTC,163.2,Indica Intermediate,27.58
